1.0251410615571364,0.7917547658662363,0.7865506578238404,1.0031255291654126,1.00020289856863,0.7954182447835959
0.8126374234750883,1.0840361708393695,0.7085466913157648,1.0198913461736108,0.9947059896514592,0.8568159859028961
0.8925446638385489,1.0704312600515065,1.058429907686165,0.9982875386216309,0.9889996443802642,0.8625723239778352
0.8959870126387163,0.8896447074401289,1.057276066261948,0.9908527051773371,1.0061955393908109,0.9331246431487284
0.8599254130641966,1.1752226527782998,0.8297816150003645,0.9941093575119206,1.0064642963926174,0.7682726814784337
0.7476211867855441,0.7271185284604323,1.0926265094881416,1.005602849139611,0.9677781618824122,0.9786441034382917
1.0338399705986383,0.9322567743533624,0.9233415051448132,0.9886945714034551,1.0073979279814627,1.0240925261042002
0.7727494997563169,1.0056686290077141,0.9042877838317915,1.0116524827266096,0.9623589472410216,0.7727772658846457
0.7253132277570441,1.00353810471535,0.7904224800648969,1.0141522570889783,0.9936312105097208,1.0025730252071692
0.9928311465404583,0.9051703531557755,0.7342106975552914,1.013820687632046,0.9918402165287423,1.0289247141976712
1.0396244525977028,0.9815536360487829,0.9021223044020217,0.9883081404194832,0.9729498562950073,0.7175690792353253
0.7496336569683069,0.727787495083329,0.9514889458287743,0.9998781127571154,0.9986185285112469,0.7222996856757906
0.8847656735530108,1.092105169255058,0.7597066615368,1.0023835997250663,0.9627232766914285,1.0006149973507839
0.8463521090018047,1.1645955450964416,1.1042986429213157,1.0066668486813597,0.9719056526798313,1.0298665778478624
0.9009553519455555,0.8274138396054896,1.0066316616119657,0.9862837161198255,0.9885388418725011,0.8376758390025412
0.7320400948959161,1.0684213623785213,0.8504517852979909,1.0105665575565628,0.9808065988801653,0.7007082227571935
0.9716428371294199,0.8362808755005667,0.7772207027378594,1.0165393542099537,0.9780799348811074,0.7258547483847229
0.9454520118685107,0.8696004715254397,0.7416229484901892,1.021336576135809,0.979829530277823,0.787827221631798
0.9079053493168547,0.7202957506482749,0.7104222602567101,0.9919903332440173,1.011113209141155,1.0479618141648013
0.8434376090597331,1.157566739170163,1.0023511880541873,0.9878790194398532,0.9659428727929326,0.844441231621348
0.9767819571105087,0.9569961045514658,0.9593917955400368,1.0285568226185273,0.9704230894593797,0.7105823546697725
0.703663840534521,1.0084622362841598,0.9313996578323254,0.9878293405087196,0.9804279315828528,0.966453208907343
0.7908494706402918,1.0300076883537024,1.0631483907189518,1.01390548878261,0.9940226059770861,0.8374764575364826
0.9660829586242262,0.8267060904397545,0.9819494104091072,0.9883934136339995,0.9790739416666365,0.8353035013453487
0.7822864215896225,0.705723178328658,0.8751663989031079,1.0002289956006696,0.9953204489763428,0.7670034694602522
0.784744703318,0.7135450645083373,0.7319886142896797,1.0277964135952653,0.9936867902777389,0.7311282474435743
0.9578133653948926,1.1426046273848955,0.7454943259399118,1.0139996228782957,0.9617378453364127,0.9533125555310209
0.8630114412945733,1.0569205717821297,0.9331143080656743,1.0060632916522816,0.9868119476464075,1.0074737140809014
1.019959349496609,1.1219967076668416,0.7242312310405529,1.0257729462495209,0.997010484746414,0.7158751380084019
0.9821004369630142,0.9416942963677953,0.9835757426449661,1.0178010894653433,0.9632121310222808,0.8794404720007428
0.8978582127252122,0.9578521765935655,0.9775470925246703,1.009508873796376,0.9918139928063722,0.7563046214723743
0.7348059074292439,1.078484260209203,0.7059141943114308,0.9901813376475121,1.011702569016498,1.0176867042338733
1.023990309920557,0.9675680046471908,0.8404069018040274,0.9902796978608226,0.990091439052477,1.035484153928056
0.8219528036043451,0.8962482709091225,0.7687853312214935,1.002762796117187,0.9787670722558717,0.7594652013035722
1.0507228870160514,0.9768757467068333,0.9988751944459241,1.005187406839018,0.9880881905438867,0.9595971954458988
0.8547902740931308,0.779556991807423,0.8316536899231608,1.0180613598992798,0.9646191791737609,1.0440554792463255
0.8611484727843529,0.970852930791408,1.0986225045043492,1.0169411329224458,0.9713998165767166,0.7733310331901394
1.029438104167659,0.961933644624098,0.9771860682456015,1.0093281873906,0.9876715027484033,0.7018016276148378
0.7974257761915191,0.8456432886381573,1.0037312072731899,1.0134584565902238,0.9897004497735252,0.7334946223759754
1.0227668479564156,1.1822100170584204,0.9700782344941152,1.008827629312365,1.0062372028085793,0.7638769360419227
0.9047513209129237,1.123936331169407,0.8188171151167888,0.9959719193566989,0.9873827175846897,0.9415288549843304
0.9358664567945179,1.1153950371487151,0.8419037286767901,1.0269231241653105,0.9782393050642897,0.8926409379986158
0.9948789269732504,1.0810273142678808,0.9622701900588377,1.023161947912414,0.9859753034314502,0.91215378065136
1.0447526700278869,1.018277518856507,1.0046220539546582,0.9866180273664823,1.011021647007858,0.8676983254531109
0.9605677893231572,0.8542616747046698,1.0470447818588422,0.9935378239969387,0.9682767691159389,0.7841182669885743
0.8842766756651201,0.8682885084727604,1.0122137967323517,1.0087218987328939,1.0074760565304905,1.0503588162544752
0.8014781361137904,1.1019847045604347,1.0279361837466094,1.0068821321684531,0.9924942283319194,1.0210508659212738
1.0025425280574576,0.7011061118827988,0.7531905264970761,0.9899187963905202,0.9770941975761087,0.9010140609092874
1.035132705029303,1.0273661678828474,0.8142422300724874,1.0261529538105811,0.9998950136069837,0.971693539970707
0.730634712612298,0.7703129392447309,0.8430872471680061,1.019557503196374,1.0050032994852056,1.0337070155447239
0.8327567057016273,0.9491137765748667,0.9933460385990684,0.9959041088173411,0.9993990958269551,1.0430208941565804
0.8095296896764228,1.0177838670815504,0.8263399123608295,1.008020139758918,0.9834694667958491,0.9265679789321606
0.9586069843938996,0.7531988876827872,0.8090384054303807,0.9955484084347406,0.9915462549710372,1.0064511687188655
0.8535141634408813,1.1343612591585093,0.8921976633877738,0.9946922539437294,1.007592193248262,0.894256691111306
0.8753567441034134,0.7482793704402234,1.0817740268176972,1.0252328155765391,0.9619128821700946,1.0097513123878465
0.92727236174947,1.0559363470654461,1.0106291948884243,1.005500678610209,1.0067515645816956,0.8278019512227592
0.9297214607054624,0.9194677372126381,0.8792649417798666,1.0121494539974747,0.9637865332948053,0.8381861610420054
0.729108679674329,0.8049089355157516,0.8736852688972163,0.9879710175495287,0.9884077364535565,1.001919060676264
0.7505612280353503,0.8533027261007136,0.7709221267372577,1.0019539840677447,0.9828232081044996,0.8875748316565599
0.9278303467255627,0.8703132897949053,0.7960824738872818,1.000809584252,0.9891942570894959,0.8850686017965755
0.9065107660485141,1.0462046727612146,0.9492454716495486,0.998216708541593,0.961851373769541,0.9435806028231728
0.8963666506921958,0.7886779004948644,1.0242226347679784,0.9950582348317384,0.9723870780793301,0.9251516534226449
0.9626374754912533,1.0409401209667468,1.0997653544539823,0.9995994874673946,0.983113380045773,1.0011343788438423
0.9739737912216604,0.9184038471115681,0.9208439293685767,1.0228841354033096,0.9701556870578797,0.7850226191111427
0.8334103007040768,0.9090437816935768,0.9359981937993094,1.0148301069838614,1.010433851167296,0.8674085308564888
0.7363462187947573,1.0485153817554154,0.8701864716030185,0.9945893927260823,0.9749469759282299,0.9352526049435014
0.7202231333377597,1.0860215696331328,1.0610460567903688,1.0278919901864485,1.0127323874390626,0.7070033337377888
0.7176114025509955,0.9379507382526472,0.8276654613312501,0.9975941185922754,1.0051635962489773,0.9429896663055009
0.8735092185123134,0.9483047919303289,1.0737247093506566,0.9932559277546872,0.9851277421192264,0.7105716089918601
0.8638171387132487,0.7765206790345005,0.8076241170839652,0.9944549114572653,1.0045593429652386,0.7504617467822561
0.7736760122244761,0.7928606885365378,0.9976841286929597,1.0101277636931516,1.001725193735875,1.0265227624735194
0.8867104206926638,0.988914963916284,0.8233821597852226,1.0199386304440996,0.9996876413712655,1.0258469483997124
0.8134992884000689,1.171866162707244,0.8800817431088945,1.022337113049754,0.9836594523726971,0.9450543368524456
0.7592432339231417,1.0387456619469628,0.9386531326819969,1.0049462508581033,1.003288483776846,0.7237964075083108
0.8685721923092697,0.8865288714219368,0.7784349366674355,1.0103227369025647,0.9805457790832144,0.8657545826202553
0.7659320147103124,0.8172377267067031,0.7312318145683406,1.026381711694211,0.9732552311530096,0.7467185198761639
0.9782896440438384,0.8052389529110215,1.0356513345587592,1.022774070229698,0.9610932245844778,0.803744482429792
0.9982036348409522,0.9533185755336389,0.7201486026634214,1.0076670948430602,0.9879215769587814,0.8332425430610727
1.0270164243950772,0.7420275581423852,1.1022388964177734,0.9901017968187542,1.0030114915813908,0.909815538794965
0.8589935581198036,0.8887631988838722,0.7839664088968529,1.0056862919046985,0.9710790994048543,0.8121103193658669
0.7232604537707176,0.7331058713210313,0.848143977931537,1.0266956353297416,0.9782187549354655,0.875896375513564
0.7091695507787632,0.8033896262335423,1.070361692181419,0.9897994343112057,0.9661971727403628,0.8297238119410958
0.7371198568975028,0.8672096345286496,1.0320507414204836,1.0131220283569806,1.0082080419493864,0.8869914783031518
0.9171069335607638,0.938562367897065,0.7761462907924722,1.0142937758757167,0.9871383108822858,0.7135137902245653
1.0345651260848197,1.010341698279319,0.8648658964895697,1.0139606225592876,0.9910232238183242,0.7613644638683758
0.7543884195444436,0.8246631347271094,1.0287314130122873,0.9964376447596105,0.9646400326089974,0.9809452674447348
0.8353297470925901,0.8409985973876277,0.7742966125450494,1.0234728788109646,0.9858385106350963,0.9794473221350298
0.7957590606122273,1.0292440587436564,0.7224615099896264,0.9934660434463013,1.000340896702854,0.9617013059677977
0.8189100684018173,1.1843951743806458,0.8450166621022994,1.01887196544397,1.0043231768007694,0.7547699226782092
1.01286611133552,0.8941486965801064,0.9656681200647672,0.9971810955756396,0.9787256944497222,0.9376203025680474
0.7283605598118373,0.811343754010561,0.7552880644228445,1.023728377463079,0.9976711970327804,0.7618776452261274
0.7188697535600654,1.0397980286968518,0.9225207205451549,1.0099164605097404,0.9980577287191346,0.7243300028315083
0.7835753150018724,0.964115623062979,1.0811294072553492,1.0255037604245154,0.9762390053440183,1.0357325424508503
0.9300809730764018,1.1867064601567494,0.9914231433033969,0.9960816349192879,0.9858955056031818,0.8051438880652723
0.8042114479560669,1.1228864168067125,0.7832559207939496,1.019325897403624,1.0117616152772106,0.850441865310695
0.8186532309377029,0.900742577282359,1.0597320615708656,0.9956515473288441,1.0060614205196674,0.7986268598358034
0.986315568254632,0.7540686120994315,0.7983981838355831,1.0057135730634856,0.9869428528002357,0.7923058490141296
0.9776624992502841,1.1655309434157717,0.9768104355347662,1.0211811849461387,0.9927910950374148,0.9959893063051151
0.8740298928997707,0.725730876499664,1.0195365988742024,1.0231066773670423,0.9713665960527073,0.8738716006479985
0.8029735197889629,1.0145602214305243,0.718686353506869,0.9979022517642834,0.9991044030400851,1.0136941273980626
0.7464071141960295,0.8003618122970209,0.9752635105046693,1.0075480603658542,0.9738555996478996,0.7447774828964031
0.8817714663028037,1.192723905211773,0.9435938381450553,0.9936952861718173,0.9731846568556459,0.8155484241272978
0.8986590140202099,0.7120701125268917,0.9274232585383752,0.989731300352344,0.9748298017564977,0.7216247988030162
0.8452421650644637,0.9909276615017933,0.715900949685972,1.0240711233083781,0.9949137692855367,0.9576298809503361
0.9475206209402156,1.0897751978984167,1.0272146636505366,1.0262431990102123,0.9861869454174396,0.7322156053410749
0.7229084399085383,0.8983810631478769,0.7882937462590871,1.0097324886535155,0.9818493768860703,0.9810798208777218
0.8759276984038853,1.0452453335178509,0.7236520690742575,0.9889636255458107,1.0125509007980509,0.838952251811336
0.7452845422150326,0.7085790034511745,1.020844844724045,1.0006691271422468,1.0069468678366613,0.8022205551281765
0.919882275199913,1.2030259657865017,1.0783920794506563,1.0283689140054284,0.9635566171373157,0.9828186907349425
0.9821768217206408,1.009132912876984,0.820630059502786,1.0037810918892536,0.989417439897242,0.9306656099853995
0.7415706022789729,1.0645807881169636,0.9275415932201063,1.010033831726061,0.9954073693815167,0.9984006615775544
0.9043681553328143,1.0815220252072986,0.7501299657853189,1.0053651617859927,0.9768950719709838,0.7912925908900021
0.8006122411477271,0.8322188889093383,1.1060006299290883,1.001246408733002,1.0103527179462388,0.7689346342726359
0.8998652759518484,1.0119515444273208,0.8632733526077029,1.0247138831539169,0.992048000026458,0.8250252831767555
0.7926791070010846,0.7766437034416063,0.8377769144357083,1.0149314705821404,1.0120302370396939,0.9935091714251464
0.714649613470756,0.8374428433680237,0.9883643883406366,1.0129465763621857,0.9747258950988024,0.8898896231154874
0.7096949133457948,1.0547311452280248,1.0092645351109577,0.99700102255534,0.97370648095323,0.9220679450472598
0.8496603884214577,0.9369003449510465,0.8613964956679302,0.9942841097896132,0.9607869903445397,0.8979996604620958
0.9343626171313502,1.0529911189765058,0.8969286341665247,0.9869740538951923,1.0118428838336984,1.0524083578686128
0.8290098116410665,0.9551748283379788,0.8824949146057223,1.0221522094192736,1.001074709631576,0.9630965438025249
0.9148488993999899,0.8950780347181592,1.0155453394029306,0.9861713386780697,0.9891268039551008,0.7718242701873176
0.9860273962241534,1.1771788659943843,0.7372985032105239,0.9860907296936906,1.0098964830311092,0.9732701598632109
0.976889762780164,0.7501125762500279,0.9695429097137955,1.0083534534153653,0.9929032892049361,0.9022018455099275
0.8833723815732382,1.0597497821249175,0.7368717499694767,1.016298259888562,1.0094949369097677,0.9392376323952479
0.9329993924643658,0.9320959162380824,0.822322242235324,1.0252023757645656,1.0021063702941235,0.9349143591685867
0.9180645759303272,0.9953692531255811,0.9347477728958835,1.006480531216599,1.0039176616639065,0.8414892722668496
0.9373266407591896,1.1465605281687559,1.0827282706749624,1.0077811091954814,1.0012483215882932,0.776917000783088
0.9643166150773033,1.2045259376465383,0.74859129285497,1.0178562327076683,0.9806778459842072,0.7873560543078186
0.8746250661560534,1.1939321577043707,1.0881721951008967,1.0096369912344514,0.9725683697016748,0.9479403425796686
0.7872961610932304,0.807979255633687,0.9560713803475438,1.0162040807394026,0.9935058447325318,1.0109450792822545
0.9869438596386495,1.0666060192207252,1.0224292250964526,0.9887830228274127,0.9665638137694209,0.9743321733201662
0.9365304578945528,1.1109671706704722,0.8978414945541606,1.0157547962516233,1.0007991881083593,0.8472191816410142
0.7056300928115186,0.9897173439971145,0.9421316724448024,1.0020312877217254,1.0032060544396857,0.9492862926249986
0.743620499173929,0.9039968204946236,0.928521156591336,1.012127760520868,0.9682513598750621,0.9315986071021574
0.7275788099637893,1.000005773261556,0.8477215705324905,1.0051050538001074,0.962972404093896,0.7414037156565906
0.7829084852217636,1.1203036528133243,1.1014377767593921,0.9904103752702806,1.0130267677492728,0.8124478279625764
0.7713142278862898,1.08452431976113,0.9608074278713512,1.0270035123395602,0.9794631182411513,0.924828727111763
0.9811568610797354,1.0633729012542115,0.9378732616822503,0.9964995339867636,0.9844894654656349,0.7797057708772712
0.8801664281298527,0.9710914167684168,0.8495705196615131,1.017382267233645,0.9671649461049467,0.7176899030042017
0.9305884759719418,0.9126609772503063,0.8330614108259146,1.0105559757399556,0.9763364905274535,1.0147962681177773
0.9096002114337208,1.1958201924437946,1.056457137913168,1.0040138648285712,1.010248682059164,0.7002040857861946
0.7147202535529378,1.0418887316191858,0.9399678251907905,1.0259595842766258,0.9952746801271372,0.8753839348032908
0.7447568499332439,0.8301838051622594,0.75202347762519,0.993799033009198,0.9777815380145568,0.8636723921644464
0.7964041727651794,0.939764681682105,1.0522984923004863,1.0060524329695222,0.9850247114742833,0.9059147983359404
0.9532311106552763,1.0256337559154936,0.974422857792556,1.019075910093836,0.9985148900093991,0.7949963078381799
0.8287108918913315,0.8722096911686126,0.8689129243798097,1.0073497107234006,1.0112027264301269,0.7343850618260864
0.9018665961854289,0.7642016626995444,0.8028281943605641,1.027766472907239,0.9683650674873696,0.9710348218931848
0.7859654579972148,1.1029748406889195,0.8864460673985577,0.9873115930387472,0.9944963778654579,0.7205619009344855
1.0487687412527482,1.0608130204506374,0.7917717556214126,0.9884938030408547,1.0070893894555024,0.8701457772734366
0.7295022379604673,1.1308386587855317,1.0843769112677868,1.0254031853253338,0.98411006629473,0.9398823411648007
0.9235633803709987,0.9593858907486299,0.7513168677732306,0.9931814172358011,0.9855571405903761,0.854238430459076
0.7444758496374482,0.7904903963977429,0.9465313902496061,1.0273384936815302,0.9942648114491233,1.0376167003105339
0.78284222249979,1.1271887800923752,1.0487334249646685,0.9979209501144444,0.9961482515731094,0.8114133272765544
0.7383190966100895,0.7557303974743342,0.885469220686882,0.9919384759417021,0.9856118338870504,0.9898246142885467
0.7370102412962052,1.1527079260471922,1.0330548045693257,1.0220699051937825,0.9962628806678709,1.0403913134139415
1.0196783794358364,1.0512833755029385,0.7424037894788742,1.0071589562427927,1.0044924915048772,0.7327931342596664
0.899055997066023,0.7342724391560705,0.7718614770225011,1.015139888809719,0.9955373289634272,0.7855763218627081
1.0234491874485907,1.1139102165514962,0.7856748835499906,0.9980105592893638,0.9967942766419229,0.778886554237433
0.8914617611520108,1.0355478848346875,0.8452817311227532,1.012580847247817,0.9663047668949682,0.7190441047168488
1.0012347291643162,0.9265161468845995,1.0021212094326581,0.9966374637996059,0.9899050722612792,0.9124300319097667
0.9071514960368348,0.9950369668640359,1.0906805054689497,1.0154855587483629,1.0012116610146364,0.7087329864920344
0.8489355897649706,1.119441662139641,0.8014322900196598,0.9915581037470972,0.969474200050376,0.9799842440784072
0.9537550014766101,0.9990255778750141,0.8000921569137499,1.0150522818195977,1.0109442918077685,0.8824208847572219
0.7720983066564111,0.7511989008746821,1.0978194019118002,1.0233648456903843,0.9706978636955252,0.908138327640881
0.8934838794824641,0.8771884734638593,1.034700191724119,0.9877617142928266,1.0037577846359893,0.9439799592305071
0.9155460301662897,1.1620134907205888,0.8360993403635545,1.0119111599082184,1.0031598849877048,1.0089563251888762
0.9184025710416751,1.0932402097854361,1.0132592161698137,1.0067254081906123,0.9728482927423173,0.9088182949016756
0.779008166182152,1.0254048033288397,0.9327804920927644,1.005220297293817,1.0046318676554125,0.7074958651275773
0.7886656493027713,1.116042180673006,0.7609526694908122,1.027193294741575,0.9968923808702281,0.7373718900018967
0.9669123645352324,1.1670073707487219,0.7433408957929304,1.0058587716425818,1.0096675118909242,0.7578842416368793
0.711920996903659,0.7427898773226426,0.996655674787417,0.9977833885397386,0.9697540929845875,0.8577244907891236
0.7996863316037578,0.7571677776973451,0.8764643014772919,1.0267300384690752,1.0024579201256947,0.8271519159958229
0.9630397796648513,0.9178380211003536,0.7617007300824881,0.9949394161655233,0.9670221011314247,0.9949293319874842
0.9937469143474563,1.1833791822086726,0.7210981216325215,1.002213832964694,0.9644281862440132,0.7572539388712412
0.7521403227337691,0.8976594922491773,0.792651707170689,1.0204730796104526,0.9722427483187392,0.9301583454262707
0.7805627196235099,0.8833661598967474,1.0913807918585485,1.0171858304211747,0.9949814493703578,0.8842659501259649
0.7334794643949466,1.1399511781358767,0.8343097102745307,1.0217772623532282,0.9988472798272215,1.0399237309693612
1.0158771484061857,0.7410554769046652,1.0053762417418421,1.0275550871243173,0.972481479294817,0.8695231999790782
0.9845961656058559,0.9939961905074293,1.105310357303602,1.0251172549320222,0.9748808191826698,0.9468181562934874
0.8245019655766197,0.9226830580889096,0.7797063899273392,0.997697188289454,0.9802572338705009,0.701554574512585
0.944436784257004,0.8802569083894818,1.0507900346598191,1.0205113624107938,0.981227867287042,0.7524032961135357
1.0405619265878243,0.7777538562199725,0.715753026953812,0.9921349322094718,1.0033816405319138,0.9228326001558156
0.9132053518742498,1.0749902437730356,1.078039458367647,0.9967899683128219,0.996342829739109,0.8166353563670676
0.868945408844427,1.1259221979024998,0.9133984782334048,1.0203193713152168,1.0113097817711703,0.890651191632416
0.9925040675294134,1.169242723592141,1.0408590629742884,1.0196751147714946,0.9743820624336463,1.0350416839529701
0.7929663001670701,1.1934154694272512,0.9443065866070746,0.99107678532031,0.9897975373976003,0.8649751164626304
0.9464035192551455,0.9252003873837238,1.0081317815455204,1.004778829970569,0.9838703701225222,0.7057410444059933
1.0031200219122902,1.0480976379505256,0.8873057071907605,1.0070361660085938,0.9702652529089629,0.9754368598418017
0.7795512308867762,0.7111983116803869,0.9368363671140538,1.0175989717075595,0.984418405562196,0.8198950210571191
0.7103240861212217,1.1276670553731927,0.8656504308246523,1.0148882774390768,0.9711620834462495,0.8897634281012718
0.8881357925105624,1.1548983600733065,0.734794587410749,0.9911645135241207,0.9712512229195583,0.7441008233088902
1.0036337808458367,0.8782733442969751,1.0750001316865818,1.0238228524585429,0.9895970608568387,1.020481177881646
0.7581512955720185,0.8875417238730892,1.0659168246678685,1.0179735111141488,1.0065721325676649,0.769707967081551
0.8813454051592833,0.8809975220883902,1.0642039068479139,1.0161158344127466,0.9848327279491293,0.8801005062535998
0.9890960313044781,0.7250218083098198,1.0465127305560489,0.9970704762965836,0.9830221599326862,0.711769062917914
0.7154399165987553,1.0616192613844662,0.8384973257748831,0.994834701484385,0.9719971920786038,0.885358707980882
0.9760307793243058,1.1057242328351393,0.9495293444276097,1.0059268485650912,0.9799305380053657,0.9074568025961259
0.8019918096947513,0.876556502989033,1.0076286212198164,1.0000295935049544,0.9992152765380967,1.0187045871668015
0.8606251660458197,1.0737545385345793,1.1080693629554286,0.9916566888374163,0.9810069557630084,0.8077335088463501
1.0416062932543646,1.0329361511250683,0.7997340759173741,1.009590537164935,0.9972769226004232,1.008038961356633
0.9882359788807935,0.7747584628398552,1.043378084602101,1.0113586004295512,0.99993115897607,0.7199167347535063
0.8407224771255513,0.7346301211007199,1.0387532621652018,0.9933654763068308,0.9820393873133456,0.7184764720038572
0.8161497877530656,0.8087744620856098,0.7558611755746094,1.0156335384729855,0.9924187949370443,0.7479890522687053
1.0246193339286327,0.8443701690353766,1.071631157960899,1.0192048402221345,0.9636759183343134,0.7539683799290853
0.77702039133537,0.9221099525524338,0.9940146271022834,0.9986670616596929,0.9698716404778877,0.8707384606933353
0.9120739581788538,0.9979040312713683,0.9892446654123586,1.0090990436559644,0.9764374967026579,0.8939504556625678
0.9695469592496158,0.7692412589790465,1.0891600403339663,1.0041921327167644,0.9863394306664773,0.8023268392618901
0.7535580160681589,0.8261106265787548,0.7399865102589624,1.0104346080424496,0.9815546249791082,0.7835518244267108
0.9614482578174878,0.8755194192359242,0.979138482628249,1.0256567242090733,0.9951090847714305,0.9197767186334002
0.8264241848847802,0.7224814585259232,1.0450208114787174,1.0232646840840427,1.0124019576498178,0.8207342157953753
0.7433081620996312,1.1046374435374477,0.8148459092941962,1.0230573733791655,1.0084153060877992,0.9557028985152031
0.7183175096623948,1.1768552096138718,0.9395160894083425,0.9975108691875131,0.9651854436594227,0.7643121768470122
0.9667879834829651,0.8509973709399816,1.1031742735365575,1.012532297195722,0.995778419079975,0.8485248088119519
0.8024652212148268,0.9343077146943443,0.8229363060671634,0.992391304441239,0.9620188144536355,0.7358269809105092
0.8709872325180286,1.0950377491792935,0.8432395638818707,1.014373915705434,1.0123363475225577,1.0328636977363046
1.0522161429877317,1.1727271997517248,0.999711575181769,1.0153698404738456,0.9960682748322317,1.0387602409542898
0.7969533511066911,0.7983655950137055,0.7394568020946205,0.9927657125493436,0.9904469357350372,0.9056433694930688
0.8674700349587344,1.1358904557591167,0.718380411235485,1.0216742561824608,0.9862821991226047,0.9182117503872002
0.8771359347458425,0.7434990672258488,0.8219527621153354,0.9893342434518315,0.9978192991263334,0.845113630510901
0.8481807375611657,0.9112838587591156,0.8307247139084948,1.025785835773256,0.9784378627695174,0.7303145085510078
0.761919852261316,1.148356965364166,1.0457945453564625,1.0118076661576825,0.9690896547814565,0.998750671545876
0.7050139350590612,0.795246435027328,0.7749274467687162,0.9917121216362256,1.009280474630592,0.958797106158192
0.8341285197909529,1.1117512157890663,0.9676668337403324,0.9928089184388503,0.9680386013365373,0.807124020869112
1.047571378615869,0.7240893395670428,0.9924249282491,1.0047092236756578,1.0072907485230085,0.7226782365143353
0.8303008519559409,1.17430122498867,1.0903973017438051,1.0101703693337656,0.9802684007934699,0.9416444880509947
0.721005750504379,0.8600578386355078,1.051229159400715,0.9892706736539724,0.9606508988787938,1.0100214082061458
0.9900700296063045,0.9726161990096535,0.9475367521837377,1.023334958600126,0.9759186969964329,1.0120922835708617
0.9377484105159217,0.9844691531505857,0.8285517134913432,0.9984914037501665,1.0004707546517675,1.0029353310753777
0.9727913962217272,1.1519356469219244,0.95471352813378,1.016804915814143,0.9648837999375903,0.8664533926773677
0.7781086966148429,0.9549159002255866,0.8269391494431133,0.9908300941064216,0.961387987973047,0.729913174421452
0.7916984900683012,0.7169325224777876,0.7807047783988618,0.9995282682355924,0.9916554274529584,1.0144837458619782
0.7709784297071003,0.8902058874508266,0.9026881183686378,0.9961473040461893,0.9603339657941707,0.7860319387560638
1.0095976840494796,0.8131112250669992,1.068521871358668,0.9994228148721275,0.9681207295491505,0.8334450159948248
0.760724292578696,0.9447283218432645,1.0396441327896164,1.002498067946288,1.0128593898181009,0.7654688077890277
0.9558671908557443,1.1754378586388095,0.7065812155545098,1.0248124714496127,0.9860992038773535,0.8191869538497769
0.8768520458756746,0.9200183966679535,1.016104323788735,0.9987391162448332,0.9729828862936157,0.8536611142045198
1.0499592066040684,1.1002764150675102,1.107162276733862,1.013269610077719,0.9997745210184387,0.7818811591739612
0.8082963139882744,0.8143221157024173,0.7429514800101629,0.9944066614533043,0.97279371928986,0.9049821936845771
0.8730699013031469,0.7027676656588029,0.7226956025571052,1.0115710173829522,0.9608070782545849,1.0326200451538592
1.0371348296623277,0.9740945238814188,0.9307679819535646,1.003990223989716,1.0068630505455736,0.83156948941025
0.8857203333784265,1.0123435267132739,0.8440871220691742,0.9923288788061939,0.9794937102588549,0.8158744876167641
0.985163216003424,1.1286712772773797,0.8889954423734102,1.0013546235397452,1.0041923984190442,0.7750327293882306
0.7646904358250073,0.8825426801365229,0.7988664122777346,1.0036113641402826,0.9639839632657011,0.8145368959059827
1.0436730161700554,0.8330321626381738,0.9580543567398538,1.0015365349667398,0.9875313549302718,0.7335803721426459
0.7003995534611874,1.1140657149307958,0.9642014138834949,0.9914727713238417,0.9956670869350912,0.7034727748083955
0.8951623285551187,0.7717956351532473,0.7848998211927279,1.0274186346313796,0.9736272222910941,0.9855539097910775
1.0385195449595055,0.7312565383351473,0.958541397333494,1.0218484481450398,0.9797591229963845,0.846563865331696
0.846847303780435,1.0939286916252997,0.8518342658362941,0.9920866334699907,1.0077112310220309,0.8712106596940739
0.798450566811072,1.0798117097247097,0.9198321369526744,1.0031447448688138,0.9668508293882352,0.886808512125788
1.028819532375566,1.1988839344630358,0.899493276645031,0.9937433071471539,0.9840845737229397,0.8253931344154756
0.7303029013262774,0.9063188900250719,1.0869067471219633,1.0082469057297785,0.982280256511244,0.8524570880875421
0.7740775055895855,1.103587686017058,0.8024740327035101,1.0054351901557017,1.0097916325561784,0.8962797769556826
0.8199578007164323,0.9757567022741471,0.752115518856902,1.0192747357381011,1.01142121838327,0.9863800103644209
0.7132067754886189,0.8450901027241227,0.8173034556906041,1.0003944326378982,1.0000254872948653,0.8045989665617075
0.8371028126069373,0.9076407549259037,0.9810282401577486,0.9947240602895566,0.9642474930521067,0.9574475489326846
0.8872792476339806,1.1072740230610536,0.7447904351276537,0.9918363441456857,0.9642746550149143,0.859601097707681
0.9504894185719375,0.7071583993058747,0.9415309229678576,1.009224327797591,0.9906738687214252,0.74821539378748
0.8418642222821995,0.9236406160126932,0.9098035817977824,0.9893740083486626,1.0014187177144394,0.821100367036873
0.847970120532179,0.8098448063212512,0.7816554089137033,1.009976575939478,0.9676815196148655,1.0295441594397312
0.7979539868377042,0.7190004476709307,1.08513612369877,0.9868176005908913,0.9878906654483013,0.9748607909582352
0.8261913543033268,0.759130137146847,0.7164596769924042,1.0081913065181132,0.9665803387535893,0.9514291323189781
0.9790853616674517,0.8417594881531533,1.0805917987318425,0.9965942498168702,0.9738909905055166,0.9222536112962357
0.9803012634289475,0.7396820892678189,0.7116795492532695,0.9895526800667531,0.9689676402131915,0.9470618878602801
0.7586444033499847,0.7307727990489343,0.9825452239448942,0.9987790079369642,0.9951025207283499,0.8932278483068459
1.0077111378678436,1.0219305553502493,0.7635962088753832,1.0049183941794693,1.002890916721104,0.7060189714792611
0.9214948613089857,1.1245381264986694,0.8293307730036709,1.0119482972971074,1.0044157308312498,0.8550002905064261
0.8625824104245498,0.873031177260705,0.9861839437052626,1.0167003518138018,0.9846177496240817,0.7113623619619014
0.9796909397097326,1.1793719696660443,1.0679303536266742,1.011733234067131,0.9769828055689382,0.8892379390621441
0.7180896135722538,1.09841489283132,0.963261048924851,1.0269757039730636,1.004043695126193,0.8996547696394964
0.7483157806139278,0.7490635479241498,0.7776072910984329,1.0040841956844067,0.9820500708160852,1.0244943755899194
0.9807986809312055,1.1210399306625185,0.8938223193736644,0.9938875554896198,0.9686229848656707,0.9113989102685651
0.9996126320404443,0.9472692767149841,0.8098864010217294,0.9953397360839656,1.005354003206643,0.71512982681614
0.8047483637024793,1.0068146079179514,0.728377516538999,1.0236462926002523,0.9660646191628512,1.0172964322021092
0.7127845404196207,0.9500564445414221,0.8160204604064636,1.0035573432015568,0.9974710153993693,0.79409543704151
0.9835803056130437,0.7618158741129472,1.0560039647611315,1.0253418826535954,0.9756431652180066,0.8533943080496871
0.9879637027607171,0.7513300725850731,1.11009933450821,1.002298427972788,0.991962781753418,1.0421535874934222
1.0115676785510161,1.0658179760914526,0.7356354826020851,1.0203572741464573,1.009416949140831,0.7091367669890252
0.713978535724794,1.0447958996828384,0.9709868478128587,1.0029828971150083,1.0051242295338851,0.9872159054857874
0.9137585383489488,1.1047559491564038,0.995577342653251,1.017119310151738,0.9887679841983468,0.9043128844035545
0.8308138715309976,1.2007329508105706,0.7583625379514684,1.0115136817383044,0.9964001845831117,0.9262695359477345
0.7638931266506945,0.9030346807615156,0.7638069999215391,1.0004980844755327,1.0007817120349158,0.9622730398519865
0.7214645307502591,0.8911654952649821,0.8488745854153217,1.0017178078845765,0.9813015903131312,0.8104355266589387
0.7757406469702355,0.7042511936638257,0.7968983261670001,1.0019012693449676,0.960964964452895,0.8283988984849847
0.9126976372950423,0.7897987810118107,0.7140948071589943,1.0052806295010845,1.0019750206745426,1.0221149031569008
0.9030907175959462,0.8652306580604029,0.9714243735470881,1.0082820829903405,0.9731371693676282,1.0363866025753525
0.7641640816087848,0.7361399524615635,0.7132570786359966,0.9888595373956943,1.0109291216081515,0.7623222178626986
1.0310276305112318,0.9438640944843206,1.0377870035124845,1.0063661645297417,0.96257221466341,0.9031731788054674
0.813115147276887,1.180258363398966,1.0944223439874226,0.990242957575096,0.990861830387294,0.8495448629649041
0.901411582784837,1.1435696080417452,0.9431667858135626,1.0146512041962592,1.0122431448233544,0.8552509833274833
0.7197716725699224,0.996193182794333,0.8776565788394649,1.02067598546711,0.9926916556029621,0.8723078204177034
0.9569777350962274,1.1294308186594273,0.9947210416373176,1.015935541435584,0.9947875355857589,0.8911210455234637
0.8582583504795904,0.7288145198433805,1.0772295051584928,0.9977375354631232,1.013108828399707,0.7126646985065568
0.7422571236257012,1.13805487966752,0.7568540075109023,0.9989358375736644,0.9973843105711643,0.9606325267275904
0.7801900147215168,0.951260176176759,0.9926935565951934,1.012475186180853,0.9644813043216901,0.8806943770244564
0.9168992813600394,1.1859807943568066,0.7728733287003856,1.0188429297167418,1.012452668848551,0.9905609827956414
0.7355932303659917,0.848786749503236,0.7214300136648568,1.0184562468873015,0.9687333455819253,0.9397682255236868
0.9595897669092537,0.7095505878639279,1.0236760669129825,0.9950895649829092,0.9703399088284507,0.7787176575559107
0.8147490253305198,1.1694892159001067,0.9523254710307162,0.9996510761490232,0.9773044011121093,0.9137310569745849
0.98325893284719,1.05762930500262,0.794375041397289,0.991884256839531,1.0083330679665277,0.883686142783236
0.922922568457518,0.8746814474372927,1.0530227490869342,1.0001246467322684,0.9777306297161132,0.7290806864413504
0.8860189384980852,1.002093945966883,0.9012485673294521,1.0133553008362846,0.9689954581936766,0.8765493334667112
0.7063200262406998,1.1092264762547817,1.0298087205777289,0.9885828992249154,1.0080534068712754,0.8984979579139684
0.8943756607388308,0.7367493525963549,1.0313424402537485,1.027491160119542,0.9772293045848559,0.872857811629396
0.85966164611415,0.9272393718064009,1.055007881653911,1.0114924324667949,0.9685901629007463,0.7630807627929934
0.7634253066336567,0.9520875559236988,0.9082502436285269,1.0225451309520044,0.9605978816683276,0.7382730644415167
0.7547320102425038,1.1372866353911162,1.1016760304296895,1.0266266142694769,0.9693446520347501,0.9149991893971651
0.7312717532276128,0.7841885677448492,0.8927994658415944,0.995141878586002,0.9656035636787805,0.9109227371006703
0.8170068085401946,0.9806366601349104,0.9185612771081565,1.0145684287996413,0.9669650549479539,0.7278302256754995
1.036049712526623,0.7447506657610665,0.8707239216398894,1.011054392040952,1.0019158286082077,0.8688823148076972
0.9940631542454931,0.9288899697254834,1.0476236904995921,1.0045943858823252,0.9765107035774734,0.9289445097119478
1.0451407837090074,0.8102676535528757,0.8037150167886306,0.9967361882940159,1.0133134978487846,1.04616250247361
0.9411451215905332,1.0149199155321549,1.025234795762002,1.024529528136615,0.9775854298915613,0.946133791665574
0.7936473580491606,0.8065677268159386,0.7068732745200944,1.0072776201962588,1.0054479994398817,0.9614358374735252
0.7014916744068317,1.0169449995298447,1.0799863449117888,1.021886783197824,1.005528274731001,0.823611543515884
1.049308065605024,1.1633295215997002,0.8202084473898692,1.0020979308887568,0.9792421764838556,0.8920876102026711
0.7666449935861337,0.8152656630083098,0.9107568727114036,0.9940476598276925,0.9872656753874699,0.8778468573201916
0.88994000783317,0.7938128568426615,1.1108032533902688,0.9964036511362064,0.984195446822999,1.0517802188917482
1.0465417867024323,1.0322576844881592,0.8105839249371017,1.0085225972567524,0.9761566972737991,0.9835975418468319
0.7532461280906976,0.8679600014949395,1.0833583178477666,1.028020802934951,0.969798861808549,0.8149707210348227
0.8472457463632175,0.7007690987633746,1.0922186844993118,0.9956104404560919,1.0080886017938693,0.9673920851443704
0.9396460286257272,1.1955086023528445,0.8606714909895974,1.0081199255615236,0.9785042379350977,1.0492249719614668
0.8067512132980611,1.1485778342981272,1.1040831547205299,1.026497759442166,0.9921501479783112,0.9918965800349635
0.7167012799442164,1.1809621931198353,0.701465220458783,1.0011797065618973,0.967563788602748,0.845956421246833
0.8834059414292684,1.173425998957865,0.714980666321166,1.0216311730917877,0.997137200986255,0.7971705136832137
0.708685646701514,1.1452763980638159,0.8112977708670528,1.0088803900348238,0.9818811819339288,0.9848635720270182
1.0143522768901998,0.9308322759160153,0.8064882684627657,1.0112521427852876,1.0102176550450719,0.9343008134230327
0.9708795677309482,0.7394549991536017,0.7905086187822468,1.0282001783191295,1.0009172890446476,0.8326307387627327
0.8361989516197668,0.8715267638005161,0.9511027772259688,0.987499229826726,0.9888442926940917,0.9698681108625403
0.8826055014464187,0.9663759638555787,0.8184856547626005,1.0175140813723529,0.9892808880823,0.7049176884397739
0.7746804582763089,0.8165726969224476,1.032808481090266,0.9953842727975254,0.9630616438227896,0.7554235368855137
0.9712649722663027,1.055278687727644,0.7977886333577983,1.0111339527406427,0.9884756744052284,0.7363868883299234
0.7605038021947319,0.8739452652456939,0.8678688886837794,0.9990320298828201,0.9791860061421936,0.9188497155510175
0.776966022875834,0.7377666137916777,0.8469491015497914,0.9880331285188039,1.0016801578367394,0.8400999159944172
0.7671001603650385,1.0824040093108123,1.0898616144671756,1.0156928350483112,0.9839777749452691,0.9280749892434519
0.8122618439421072,1.1189078087769555,1.1007929326158936,1.0213950359813806,0.9938559885586578,1.0233177240890337
0.9084383295835227,1.0911344125465385,0.8462470348279475,1.002671630663795,1.0048117812662547,0.9144901722122104
0.9418639185027942,1.0332647665671066,1.069077839964629,0.9993993198522954,0.9653594602306392,0.8988143389808105
0.9541117051156189,1.1613303427375916,0.7949967716918711,1.013348388938215,0.9601322455117989,0.9779968032768469
0.7401873795388075,0.8279860171354216,0.8904847269365617,1.0077070151166345,0.9716481456872793,0.9285719655473832
0.8142019785521979,0.9430787314727551,1.1090672211134758,1.024863811871714,0.974591751711751,0.7888415389347618
0.809245018551204,1.135128078664997,1.0416782476746218,1.0219348121672287,1.0059865682895897,0.7960891642044888
0.8157892882273114,0.910763767251957,0.7273819928037529,1.00468453708507,0.990279000745658,1.0071591312284758
0.8270697108689079,0.8924864994344918,0.9123839252511613,1.0189829411957667,1.0036605109747523,0.9956221704368999
0.9091760647168322,0.7993254718412637,1.0357495914936987,1.0183819799771654,0.9726777945127161,0.7736482250822762
1.0126787059157205,1.010675356434724,0.8891412271795799,1.0026193908821257,0.985280269268986,0.9584104805837095
0.9752433270011915,0.9409484744811498,0.7721040620302139,0.9983675244046816,1.0100302299012587,0.9176238913935322
0.9193102128399828,1.168137796759539,1.0542030375175522,1.018236272591496,0.9987509297887568,0.8770042646722159
0.8797106081281949,0.8567497898619708,0.7934642097057136,1.018605288177393,0.9903903303154322,1.0183393426035126
0.8668843277628255,0.7059882769062835,1.0933574582433732,1.0249794761298008,0.9753858834341924,0.9373023467666303
0.9969893936478053,1.1882271139985845,1.044469255259603,0.9905833796845007,0.9700637314345266,0.8751601584541873
0.7946608712156661,1.05243075225156,0.7809179986930966,1.0220647380813475,0.9941323274820516,0.8234273482088791
0.8062959244121191,0.7215900186419447,1.0597207397793258,1.0228514488929048,1.008612100692292,0.7234383020639702
0.8177220115386079,1.0071101262390807,0.9234700467738273,0.9881326296187145,0.9932223447898203,1.0254508256648154
0.7524176591076149,0.9139754170618549,0.7851052330288113,1.0079570392732102,0.9928483878620674,0.8416899907386424
0.7391455065378764,1.0693329825317883,1.0622016045680165,1.0207250468959457,0.9955989990525252,0.7602785102879
0.9058953920242911,0.7585295792916437,1.0084097885844632,0.9991152971382342,0.9753181093920449,0.7827214482108558
0.7700030616155706,0.7685716555419916,0.9842102488645905,1.0196354544684127,0.9883283992446612,0.8083210254073931
0.8196722647067816,0.8626659866373216,0.8598177837845387,1.0045072878579326,0.9709454945735596,0.7153594933624503
1.0188981076041883,1.1333183374593254,0.747153723223488,1.0068052358615107,0.9865614289210884,0.9678629780001455
0.9253744095129071,0.9130071957128499,0.9054121674497809,0.9941364360273023,0.9742335288548309,0.9889293637600287
0.8997968140096866,1.0424581281585172,0.7175150804794158,0.9880743343965602,0.9699735616233218,0.8008667876506317
0.9036892438426886,1.0755968113038685,0.8732632368286382,1.0173180226900376,1.0087796173072814,0.7587464421862522
0.9493094336401284,1.076120834556665,0.8958615026419166,1.0107520345033376,0.9832217090256712,0.7023842668448076
0.9249287292576498,0.7909429741916957,0.7095993039566543,0.9957639436908322,0.9742202810680605,1.046689699092282
0.7687886426338459,0.9749500110084692,0.7249184559243648,1.0004648666704794,1.0038360863673983,0.9684882085383277
0.95916517793901,1.0203149970220775,0.9986723250195702,1.0065367310877698,1.0078691771617683,0.7512672220043369
0.7866701833762012,1.019015963204451,0.8085192073258721,0.9988583689448804,0.9856933987835415,0.8861299324169553
1.03309552894707,1.1172025673018549,1.0545187287923692,0.9969725182958807,1.0057961703925271,0.9858707049250977
0.792275619471241,1.112898303592761,0.866548086280926,1.0238897926722499,0.9622871432391399,0.7833979898704159
0.9144665145900908,0.8610854859689057,0.8694055659943944,1.000583941166801,0.9900055636603932,0.9601801840443676
0.7263297327901604,0.8549998307475033,0.8964144202554922,1.0236210277963662,0.9776340845842273,0.8290839554247593
0.8311382608091289,0.7103193688642715,0.7127165930471984,1.0008709316321942,1.0049655424658448,0.9296600854450748
0.8317074353072605,0.9238656785920429,0.9898439209481629,1.012732744021716,1.0088081071871737,0.9817974286615923
0.8618195142155498,0.8352000222723097,1.0955237884392928,1.0098395516292966,0.9628539504816025,0.8363524105808362
0.9434703064402011,0.8476713434185126,0.7701758518108925,1.0107074551316804,0.9672268419394197,0.9334968331457003
0.8055760550029881,1.1509423229043687,0.8767921524451903,1.0108350380884068,0.9628041797789745,0.9454787151915419
0.8533042041206862,0.7155464849098048,0.9002789494280097,0.992970330279066,1.004741185847299,0.8109301254169046
0.928958428723704,0.969706952799817,0.9152604754234677,1.0152320923625953,0.9715341681639632,0.9075937717628392
0.8659636385906693,0.9685499631633847,0.7334766581170684,1.003049348888156,0.9983928868271522,1.0394174376475425
1.0319195448711636,0.9157215894813564,0.9468114048279135,0.9909384030866488,0.9906479069466019,0.7248153007995263
1.0001168914135317,1.0159621153738692,0.7573658324606624,1.006975631435078,0.9691572115483359,0.8346683849882363
0.9840396178576652,0.8387758341157082,0.9649250333728845,1.0176926857695028,0.9801432526531075,1.0277144085721537
0.9550933544180075,1.2036576260745173,1.0794907604272652,1.0091504892379308,1.0018506530204412,0.7905026959732502
0.8647848722022404,0.8556628127278547,0.9340473761627885,1.0129974537392483,0.9873412534605017,0.9516415443296102
1.0324174780114463,1.0625621439723356,1.0102153253717887,0.9974400925173124,1.0052743051194455,0.7452684445322214
0.9323429326377943,1.0914039070705317,0.8327970896879757,1.016746744320135,0.9991848103316715,0.7881886965172059
0.998959305377618,0.9610465799157373,0.8986716980499849,0.9924849556819483,1.0106302646634775,0.8319783458456879
1.018089888895951,0.8121834051138254,1.0220088634841948,1.0284893126815202,0.9767829342732838,0.8946674630066201
0.9355971531123695,0.7949589386275564,1.0112570457359862,1.0243091934450688,0.9877503718406959,0.8683996492224498
0.9650071488632211,0.8499306775460417,0.7655618002154297,1.0263025542761155,0.99135222949254,0.7425795989734411
0.8545438831976266,0.7666898247202347,0.9318085943940302,1.0243763676016624,0.9821878844107362,0.9641098279724942
0.9245455780902757,0.9976830867245612,0.7538257020609768,1.0261113407901563,0.9786462867821607,0.8012815223544081
0.7681055351961894,0.8623696979925999,0.7025939796596341,1.019025302592476,0.9824608468037714,0.7753628588522822
0.9685424431868872,0.7478582022221759,0.8242413261837217,0.9972897700401174,1.0090060173213904,0.8068400694464518
0.9518954239988976,0.9877921507153085,0.8808326261166699,1.005039921792066,1.0022153691043822,0.900143594488629
0.962131573245548,1.0053274079753136,1.0708605669302131,0.9904660516936131,0.974055378679902,1.0281509314431472
1.0481943506621114,0.9876001473109541,1.0423219367989944,1.0109439294686118,0.9870416268575554,1.0201266956450712
1.0073516873809245,0.7181267132863162,0.9214482394522686,1.0037696895602484,0.9975828231732136,0.8179158399935655
1.041043370466753,0.9564400852111163,0.7324858997818303,1.002188091131,0.9854291323308163,0.91588844638463
1.020370172076509,0.7734270808103609,1.0846364523696017,0.9890833246121479,0.9720842419629097,0.7935669534333488
1.051510000345628,1.1011969560355874,0.9887097457686493,0.9890036262532369,0.9909877818542708,0.8883403674718651
0.8890580284558094,0.8840920256174467,0.8744021427084216,1.0102685010473673,0.9889070632332533,0.9104039884257217
0.8037797108365946,0.8642273002646187,0.9874496847812377,0.9928507043869435,0.9718066451950668,0.8365757212384308
0.8380058238470909,1.0210064014124942,0.7672716974733548,1.0226073713002948,0.9958436569492288,0.8396362979015334
1.0145011535058712,0.8019978737076062,0.8512947549744121,1.0235062444208947,0.9678772722592913,1.0192229493640814
0.8426173344127827,1.097713977346071,0.8617387317211902,1.0244506201036223,0.9972263052810751,0.9709899384474523
0.7945102325480798,1.1319976307234396,0.7089737598825137,0.9859115604833075,0.9634750923584425,0.9971885628298762
0.9026632929669476,0.8432380058722699,0.8371780595746191,1.0062978660863813,0.9752538718272923,0.8240599171169781
1.0111948473871661,0.8492622340094419,1.0633765593361932,1.0038989458734506,0.9940525742715315,1.0129511139959222
0.9348789881718343,0.8220348494318558,0.7113514419361013,0.992519830482132,0.9911596531993133,0.7505910544112662
1.009869654607753,1.1705243058993005,1.086148093715556,0.9925879915628193,0.9653260733185488,0.9928255564070982
1.0385955563969775,1.1662143220087864,1.04941727020925,1.0201675190497665,0.9896182481957745,0.7933455558508584
0.9209071426907214,0.9474616651881462,0.7009646947015833,0.9984431928713187,0.9758477207260412,0.9822958798279029
1.0068221894691867,1.1424012916830038,0.963040596157545,1.015315083084218,0.9773469209778762,1.0385689985596394
0.8655086010012139,1.160011134482704,0.7353327558376493,0.9913650775921324,0.9965796976631011,0.9153271800755525
0.836691299241704,1.1468587915046102,0.8567918292349592,0.993297708445967,0.9905440073004768,0.746212868450568
0.9471812306333968,1.1331953131975254,0.9603416870950001,0.9954340169500006,0.9989620237723416,0.8092075430489065
0.7656340328749189,0.9208755424167896,1.1067851218605989,1.0044151364805354,0.9679601049595249,0.9647987014476462
0.7891573886757683,0.9839504550540425,1.0188422362130178,1.0142627388214893,0.9901424302552936,0.9037792060189361
0.9554210683283236,0.7803695823479623,0.944890032676487,1.000330875590197,0.9624729541726209,1.0045454102940001
0.8641203845019634,0.763474323305247,1.0005620900269911,1.020132458881918,0.9793478175476082,0.942670447594914
1.021134517243535,0.8213148272811761,0.7051551726037449,1.0276325679131768,0.9968823960949478,0.7650488175339609
0.7247362072880448,0.9349216355293772,0.8878960712914693,0.9906991036479263,0.9894345796172012,1.0042628245033502
0.7268433771449152,1.0272679718047448,0.83411068614957,1.012791653469096,0.9805313995978608,0.8475515937940459
0.7399416449962751,0.9782765835563887,0.8584509248796235,0.9998101035008881,0.9733867744198417,0.9206492452174769
0.8386033006134359,0.9797885543084837,0.8194671488527161,0.9913407545273473,1.0095180582940724,0.9242576303850571
0.9384017951060644,0.7984485628763487,0.925177344700295,1.0165736960857918,1.0108326402651873,1.0452420355266492
0.8445977658445476,1.1254720225601806,0.7826845736138637,1.0086351183096733,0.9922085045361319,1.041935037483533
0.7557475635744256,1.0879023157990377,0.92617742905264,1.0210579326828308,0.990820946081936,0.7271295082232646
0.8805074267785635,0.9600178386626221,0.7661751944794082,1.0094013747305128,0.9847617634533691,0.7488733955807617
0.8909053347108689,0.9863248152075633,1.0231338620540575,1.016012732895744,0.988636823816734,0.7470386805639958
0.9422321363749129,0.7437944389836367,1.0262537046128528,1.0194918262304642,0.9827369194442553,0.9506373908911696
0.8526022549017926,0.8994521369794283,1.0756413560539688,1.0131884749510944,0.9751578094785998,0.7420028841851222
0.9262272151743423,0.819786685671102,0.729702287842461,0.9907388695299351,0.9912731026437243,0.8604610347261423
1.047376153079114,0.7165717293072043,0.8950978720221401,0.9931170429477086,0.9866302591514555,0.9738917763378804
0.7901444462307079,0.797572921965814,0.9173068393902021,1.0137483699788667,0.9647838416814329,0.9238782461444234
0.7758994124556784,1.1891001955479867,1.073210900806754,1.022936035727666,0.9735127528323454,1.000165994623605
0.7240965255030642,1.1514330208569925,0.8918518433753602,1.0254536557051004,0.9916049493389159,1.0449269380667292
1.0374827013503163,0.8878391582391943,0.8408475751134984,1.0086457342540949,0.982898365432833,0.7565386910627678
0.8520636677039481,0.7856028766919196,0.864325944672213,1.012899454894961,0.9931170148150925,0.9499568461378112
0.7080876414966256,0.8799349004599504,0.7758467168592471,1.0215670254544222,0.9638293753779263,0.7777515109918621
0.7074097463232427,0.7808928110687505,0.8010177924974089,0.9876869043086518,0.9707565941719283,0.9172281357766183
0.8106081791580847,1.0378086253439218,0.8123950203546451,0.9960283611990555,0.9982659645430096,0.7142281565904018
0.851149474894349,1.1975253891403774,0.937701210194303,1.0090264064695817,0.9640762634829441,0.770866835755647
0.8973855993394596,1.1537734347427078,0.884160177519385,1.0211277397101697,0.9829996784538093,0.9013330653834395
0.8502721120378541,0.9532341049361008,0.7952444146177502,1.0246769196160208,0.9668129015322333,0.8965427880306267
0.7786657374410426,1.0712001953271446,0.7031962852171747,1.0123797927692713,0.9881900041011228,0.7263185193276407
1.0166377196403291,0.746595738453251,0.7000429602998007,0.9900241711317657,0.9836324423197269,0.9979401053299095
0.7628365488963685,1.1873412016493194,0.7594377622011533,1.0181858934381454,0.9813955566987864,0.9326927070231381
1.0516717484143616,1.063498952990702,0.9567206219992117,0.9872167492597822,0.9605022320608513,1.0316773686186693
0.822509294077846,0.8637532435067825,0.7613214690778484,1.0197890591560144,0.9634287684653449,0.8269036235092591
1.0152264842879628,0.8514502767596713,0.862745139375647,0.9859373437604088,1.0023168518800947,0.93576023006008
0.8780171465711178,0.8404887735145234,0.9669370209454657,1.0066281715748404,0.9980146300014444,0.897344515790508
1.0341002350892112,0.9788680322976914,0.9058473997822672,1.0193552274372444,0.9809516485941796,0.9756959198961861
0.9734297134606151,0.9646547979328017,0.764878404141136,1.0007552428863846,0.9843246677814679,0.8309403897437337
0.9954867879318023,0.7630851943179219,0.8683154561500607,1.018545628371941,0.9981314914120398,0.8719667997507147
0.8348531380109839,0.9658395472929994,0.88492309596531,1.0205955696374893,0.9744484489895884,0.8562609744476372
0.7424147007965661,1.1609843616539313,1.0255177710284782,1.0018390509417874,1.0131624101514796,0.8426135905683829
0.7729231958651361,1.0136640495819464,1.0382840449026824,0.9874803361159439,1.0009886743491234,0.8346071636599715
0.9317125843269107,0.7525040483717067,1.0726151504134103,1.027083144438334,0.9716016853872745,0.9660135574642355
0.8116386926927679,0.8854985752870728,0.8534085049893942,0.9963441983258544,1.0101105810381097,0.726660394462967
0.7409660338869601,0.9456572119705542,0.957506563560289,0.999243949112771,0.9779931337528747,0.8818523928853574
1.005554101596532,1.0495648690576775,0.7789219005559138,1.0157855465828876,0.9657299579376458,0.7989515887956365
0.7464847577724045,0.8930340802587552,0.9759172433029635,0.9972138044964319,0.976862245674633,0.8456283159571716
1.0008892226610824,1.1971265299592737,1.0964493564500672,0.9942095503184892,1.0085127628780335,0.7772106349539534
0.916037766231181,0.9335029053621748,0.7547455812887041,1.0226830905147497,0.9756461764343503,0.987917068893413
0.7027275244007885,1.2019994311573219,0.815141983757269,1.0281087814124088,0.9796623609379926,0.9270118356269732
0.7339733667793387,0.8574186924695225,0.8055383060966115,1.0062640429222758,0.9626217796684465,0.8438623405956254
0.8415590037164192,1.0309206755801998,0.8558305574898957,1.0073171350862906,1.012087743399684,1.0152377655615434
0.8250870321673605,0.7727449520695149,0.8554530903227826,0.9859909076761724,0.9993179471918399,0.9726116381127847
1.0302787457065712,0.9148777478671243,0.9663907118299435,1.0272580782297345,0.9614489776111745,0.8509694148984845
0.8790529693183022,1.0406131166160444,0.7047657267202879,1.0241565784470752,0.9760013056806742,0.8781369789947984
0.9226153971055642,0.7319726974221613,1.0304414465436602,0.9905093711732574,1.0063115452725542,0.7317190390491667
0.9747770563872428,1.044008917414525,1.0582273272522384,0.9939170438551741,0.9933693705709142,0.895429880699546
0.747508793142352,1.0222912968594116,1.0126187323282916,0.9866467971680523,0.9705305619844937,0.7658548350143012
0.9912953201493792,1.0874623735631839,0.9972544751725397,0.9968501339079853,1.0057026274238654,0.9634791122584232
0.8704032766345418,1.0037520136030267,0.7487920348398537,0.9909987382301492,0.9995716606458307,0.9880954845740044
1.0399944601566595,0.9831782500338547,0.7624872002297334,0.9915796392828812,0.9796286399746368,0.9968288536222041
0.8229454253344068,0.7606562292476363,0.9037749376884734,1.0239729735835625,0.9739888395078039,0.7705195733804391
1.0106983456028922,1.0283393468557889,0.737950019255782,1.0224162787222222,0.9684762160301269,0.7969015507919412
1.0171922567123377,0.7082485847415186,0.9615969679035026,1.003469456360422,0.9783900552130171,0.8139009896664419
0.7814488581617512,1.1814128785916058,1.0990698594047401,1.0009691754065466,0.9755062604290049,0.9842050175976791
0.751480758926637,0.8068638057629265,0.9854520363514141,1.0177385955731844,0.964171718702571,1.0166837168454488
0.9564876521495742,1.0473946382920234,1.017014741503334,0.9884614087342173,0.983463355532144,0.9692296916659919
0.9904374790843693,0.7823183158235559,0.7193722712506279,0.997373876232338,0.997883526309033,0.8610429703749816
0.7616877603178073,0.9928107039728535,0.9164054460236601,0.9857570854589831,0.9938915127796023,0.7401615283362389
1.0259737647678557,1.1557116556882674,1.029403977870036,1.0279598069869782,0.9789638063160161,1.0413582335966742
0.7844300256603358,0.7041823716857899,1.020529822248561,1.0120373746592697,1.0079587746230347,0.7745614912201283
0.8164424826085888,0.8206059328380191,0.8170562897015157,1.0174537566265185,0.9945780444857932,0.8258277708323273
0.9512403956803275,0.902414365838417,1.0615815803749997,1.0027845098123054,1.0026837342877315,0.8517877602775865
0.8724369899567734,0.7602178585023999,0.7896393533131241,0.9948825061213837,1.0092239381820123,0.8583653385043404
0.9112918459225989,0.7660190361923787,0.7255736477872584,0.9896819653720629,0.9621413403834284,0.874164296065003
0.8429245077514238,1.067565766215857,0.8313987936045543,0.987606937347993,0.9959947594181188,0.8589080877724731
0.9399658703941813,0.9255461273948338,1.0762771915556322,1.0070895024507518,0.9660323819541474,0.7381383745202766
0.9980278591776948,0.9585458294848732,1.0012107204051672,1.0276694347851945,1.0106952179592381,1.031280577133749
0.931051516947319,0.819396258017481,0.9721580856039566,1.022477767280928,1.008704791889831,1.04363843432893
0.7342886062718349,1.1850273596297207,1.0972068776223358,0.9999246849306567,1.000156310160004,0.8571445833442624
0.9334893008514512,0.8791622494042561,0.707710406564599,1.0001439274690997,1.0096894721491205,1.0115512836893827
0.8206903870843605,1.0723815034187845,0.8393998924440497,0.9982022337423198,1.01160798358725,0.805259668396861
1.0304513788125882,0.9921373445589052,0.8833759838048565,1.0014364739128443,0.992323219249026,0.9544041169719677
0.7595928594065021,0.9055745361110926,1.0743750130483098,1.0010724102432114,0.968810956918767,1.0468764129323507
0.9283888434560312,1.1898952325973366,0.9739325876893898,1.0170158685272153,0.9932514094753936,1.0121946977492169
0.701062469235472,0.7878364426035779,1.0651674901355226,1.0123329148757503,0.9612558285536109,0.7079538124146385
0.9460641642256831,0.8184659361500164,0.7736248908747496,1.0033480418752425,0.967335561577228,0.8620986012880504
0.7380012571186628,1.036448180822782,1.0177550606835344,1.0200332356212927,0.9984680763497534,0.7532082683692239
0.8556081444662891,0.976020877547879,0.8575451643460019,1.0013108657890446,0.9654884669414409,0.9689971765548212
1.0364473512580972,1.0788979443200346,1.04317050140777,0.9857999114291578,0.9650121543807785,0.9892693787927016
1.0443511058190753,0.7655405102272392,0.8048681492063953,0.9896200900874159,0.9852066737755693,0.9656259789151229
0.7575575019741053,0.8664833470594762,0.902885447336366,1.0162121700677635,0.9633082252647268,0.8490584494416227
0.9637846055692092,1.0346174242188413,0.929472368009721,1.0010387016234368,0.998794548230094,0.7996683914385012
0.7854375431328997,1.1637529633650174,0.8821148933377045,1.0214306163480535,0.961536962112367,0.7370077983337572
1.0045970674684166,1.0694094869669404,0.8785311346105407,0.9887570890449993,0.9695493500149562,1.0306095625668514
0.7161804499397355,0.8430205607513108,0.9409020236799535,0.9864944221283004,1.0004153430078295,0.8183036258833768
0.800215936806175,0.9725679466474505,0.7476163323187794,1.0147094848511604,0.9944156914138079,0.999209822763348
0.9654669542668788,1.0964271530982461,0.82596840064454,0.9869982908924663,0.9869231609062824,0.9771042465564803
0.7327377657418374,0.9100834973906846,0.8592072185724521,0.9862010549853851,1.0015515467328115,0.7759607868102252
0.9266213628443657,0.7298938419108465,0.9299985152293209,1.020963468068032,1.0091234983960768,0.9492242218964718
0.9054144490405849,1.0955985438688063,0.9454417989317245,1.0187735781688738,0.9966886028404023,0.7589285693426572
0.8339908639622617,1.0015082588271673,0.7440698646795598,1.0260046543497634,0.9837512841964506,0.8129882686440262
1.026502444932441,0.9674771182231752,0.9549577534969722,1.0135601165514805,0.9779361042476669,0.9939536787694747
1.0457356068212362,0.7832146448308509,0.9685092766468739,0.9935984847995681,1.0030847640802023,0.9784557769423965
0.856466971065931,1.1914920838965768,0.9258998201255648,1.0283066713691171,0.9631622996846335,0.8789977277683589
0.9963297118332584,0.9821314215435819,0.9085393885947365,1.0061858368693843,0.9833283371617246,0.953931578610842
0.9678589396512371,0.7579448928109624,1.0698335842095505,1.0163923221996483,0.9611939649138923,1.051504134922791
0.8506404418160681,0.8010211426570056,0.7667314058731464,1.0164920706395484,0.9675074081912453,0.9547016955438274
0.7110944083942761,0.7231168575416198,0.8133513880382142,1.0094235076266656,0.994365665789529,0.921337724953154
0.7021351105953318,1.1990195881263377,0.8862239354257464,0.9922292977629219,0.9734618827604907,0.9926204259751505
0.8878842972862688,1.1306141810483687,1.0148542737342146,0.9864547749795292,1.002829400935936,1.0156819602642715
0.8277042852987124,0.9013702992836269,0.9353393370520089,1.0033940097979712,1.0105296785062166,0.920296392987909
0.7491387243229212,1.1494483907682782,0.9805769066400845,1.0113441451291671,0.9620796882050214,0.7039834712553843
0.8785264766105507,0.7023011074217078,0.7293625482609718,1.001651970628225,0.9816737922970935,0.754163953422007
0.7243398204668898,0.9400424292196541,1.0060326814631229,1.020236259629966,0.9663466976135012,0.8058890826831213
0.7693923779951732,0.836999273951718,0.9170901867902037,1.0028627776838601,0.9965263209626237,1.0501031711104358
0.7033419151824929,1.1445624700184054,0.9245605283517355,0.9912194908231354,1.0129585497227405,0.7431253376519993
0.8447740701383933,1.0988408028230268,0.7886747138755275,1.0084430891423812,0.9935097795045575,0.866233657985494
0.799008804323653,0.8237602813459615,0.9501914482986298,1.0245716694254925,1.0025919575606728,0.8633217778242969
0.7112286796993016,1.07325536878144,0.8943250288536875,1.017275898168708,0.9616707984048111,0.7099181247316209
0.9387021113168958,1.1578882656065415,1.0339284813316614,1.004430310569058,0.9995039731122654,0.7917874157116245
0.7562540684159362,0.9084871643766359,0.8412224102805759,0.995819794347419,0.9723100972922253,0.8001048909547437
1.0090376764584295,1.0865248257769278,0.8754998030035052,1.0126975469658737,1.0056274848214561,1.0269696536526332
0.8711402171692052,1.1588922829842079,0.8350891857366525,1.007483961722563,0.9664348183296101,0.7046922826941086
0.9499184099270647,1.110509252945536,0.9191197507653439,1.0024651196888845,1.0077755533554311,0.9566256482930124
0.8103539251691799,0.8292557563315528,0.740749566119738,0.9882154257919479,0.9826207964408369,0.7169233614663408
1.0221739628515805,1.117703160248857,0.9686235521731912,1.0089711122897742,0.9849143064128277,0.9130690010651972
1.0085952103220597,0.7961372726648775,0.8073926979326459,1.025581469138013,0.965593629031866,1.0056960441049887
0.7218602694572405,1.1409729690528139,0.906951798018893,0.9945179906360777,0.9823626621122471,0.7606568518693972
0.8718519248650902,1.0535166817927948,1.087223204527843,0.9898718994181372,1.004096642661289,0.7869057206469383
0.8255643452796141,1.0888488292768197,0.9067485346535054,1.0222791930467443,1.000641917725016,0.8408841237631997
0.8293802112837871,0.9362539773696864,0.76824142324388,0.9867603606988872,0.9846246780502796,0.8833476530926304
0.9722359347945635,1.0373439231159665,0.9796852250978016,1.0136689150319713,0.9657998800884398,0.7440467409187234
0.8694425966596853,0.9165496144048365,0.9115463007649667,1.0212442024881785,0.9757604598800992,0.7209839056877275
1.0017295337133254,0.8524029711883525,0.8714101850399149,1.003638385882189,1.0022686339822107,0.8811089436075867
1.0039262420136401,0.8590403719617681,0.8365342881434628,0.9952168399768853,0.9693179276222216,0.9026280675336962
0.807385350415303,0.720021571172688,0.9910397749881643,1.0111748574038755,0.9864568532808604,0.9483422398598511
0.7281754168903405,0.7130924199767034,0.7579315108293773,0.9870715653475816,1.0025739685416792,0.8516203821875081
1.0216436642119602,0.7380015168681616,0.872651321295328,1.003227019495059,0.9650760464541167,0.7673163398725006
0.9191088832671621,0.7783142540005793,1.0029972626803656,1.0250037006554595,0.9745239297952426,0.7409215127427676
0.8080217134492471,1.1562466814897785,0.9535387360525402,1.0180788561802876,1.0068344478718902,0.7349800917286538
0.9921361442509736,0.946258824354445,0.7279737311933568,1.0103537862058094,0.9929919663986785,0.7680295743248406
0.7876028872207315,1.000871692863512,1.0404642262901231,1.014125089737683,0.9721535497055199,0.9319237985122828
0.9429217970367127,1.1083984946643168,0.8542936814240413,1.0136025924122392,0.9811210974560366,1.0225538179848723
1.0177428842831455,0.8466109861928571,0.9485368548619932,0.986372746266502,0.9674214400255758,0.780457340679224
0.9449799976113192,0.8846076942723986,0.7034265510511205,1.0078839230816004,1.0119569419705732,0.7907341326970009
0.9688268672395894,0.7711545378836709,0.7302374562994339,0.9993323406037619,0.9610206481489232,0.9167766219481223
0.7041205574148117,0.8305346780630433,0.8664200962904629,1.015089240513594,0.9875614564413858,0.8223761896799253
0.8215960980352488,0.9858329202466427,0.8534889868295559,1.0169158912043998,0.9765703574526396,0.8219030869829418
0.8917000883532247,1.0584737668966202,0.7265276263175305,1.0242518696947933,1.0014454172862786,0.9762849486436047
0.9107002280345737,1.1908513359545447,0.7875425616390191,0.987350354233052,1.0035378155774097,0.7806482984851791
0.9702740104492371,1.2003453190341313,0.9142395246909558,1.0208968464626893,1.011545331022616,1.0343960426035452
0.9599988963112014,0.7874558635055446,0.9127400962279595,0.9871430933931868,0.9814362345934659,1.0054469187085913
0.9483916817422482,0.8145841508509284,0.9782089990271898,0.9991409836313389,0.9766356201358244,0.7283433136931182
0.8574668781023429,1.023101053287941,1.094890747141741,1.0208037072243552,0.9853670716563573,0.8095167517081507
0.7684701068485444,0.9285284792615126,0.9733714200827528,1.0108536068531586,0.9601814290066502,0.8433975710868257
1.027566860534117,0.7459458802005373,0.9531453226276421,1.012244724145072,1.0071637103282614,0.8614692180049104
0.9488241227851222,1.0500692690112348,0.9203225346488626,1.001615971945154,1.01262072661408,0.9914980938513576
1.0282158906673553,1.0771074399766085,0.914581483885205,0.9894806127199062,0.9774546904185945,0.7898134433171377
0.9961995251914451,1.1781420279415546,0.7462804346722544,1.0197731566062511,0.9866653746576141,1.0037119243964576
0.9407454668520273,0.7861120092506448,0.824756210534057,1.0158978564503114,1.0072110190225028,0.7136511447469677
0.8947666959533196,0.7261347294647891,0.9092276462564489,1.0187093614289608,0.9807584237932792,0.9064485005514866
0.8675681755127054,0.8584977890707088,1.037000866845573,0.9926899348519787,0.9788878926569634,0.9367902304527933
0.8930774587363949,0.7679203339241071,0.8522719362093871,1.0042716029765515,1.008912282463502,1.048998907169112
0.7065269239520067,0.8316832763013737,0.7387843540534578,1.0145205256123855,1.0058701566940866,0.7816068377770853
0.7898143895160354,0.784123793695917,0.8043402810588374,1.0075762625031066,0.9750638731209229,0.9381051413097081
0.8560201872563361,0.9917234333902262,1.0179427886713361,1.0183248698192018,0.9977220657878904,0.9559390011973655
0.9218974773031905,0.7750694781972253,0.9846925059919509,0.9891781699618201,1.00361275177602,0.820354646873727
0.8388828195922312,0.8986428569386465,0.8580123863838315,1.026791049184126,0.9603632502139322,0.7521483901352115
0.7503138557958687,0.8954170462068571,0.8815523369274878,0.9981220144106785,1.0066262238560844,0.7396456214390055
0.8397957677055741,0.7552901276799213,1.0144928473714727,1.0058360580292283,0.9600043621138491,1.048529079356046
0.9099918861129925,1.1387803747502145,1.0657091136727201,1.024024414204976,0.9667217957384147,0.9409690701800023
0.9523676957982327,1.1066602090947677,1.1089130060996406,1.0144377697094757,0.9913918577145987,0.8642501315973142
0.7568223029361103,0.8343809272778553,1.0497102343250146,1.0264979652992048,0.9649489982433456,0.7978783092729081
0.8576439945087455,1.1402246878653095,0.811950359074402,1.0259246299877414,0.980001438718613,1.0371893403174834
1.0422435291707375,1.0828667653760673,0.8991650299294822,0.9868942952590762,0.9817075959950575,1.0231585265882936
1.042942686675009,0.9625085723659565,0.8908383981795733,1.0155250612855484,0.9708986225505062,0.8302801746441688
0.8238427761709668,0.8390997803695629,0.792097908983508,1.0282364135232942,1.0005401814132977,0.7711649270596579
0.9896496924589879,0.8233820337473355,1.0519790981630406,0.9930436657575993,0.9825612257596609,0.817280633652311
1.0137816136030944,0.9304642206948448,1.0671512061468107,0.9985843489671891,0.9880686176606586,0.7497453393535868
0.8400419261125964,0.8037603001707322,0.9870670875623062,0.9962244327196136,0.9706180739971022,0.9525094343173319
0.8895641218872291,0.7144329351017277,0.7694405090303933,0.9997539949108621,0.969639504071125,0.7393116965216886
1.006008902279899,1.0245326291435777,0.7495448398046074,1.0043017252048456,0.9925845644784229,0.8033417869011542
